delete from book;
delete from publisher;
delete from sales;
delete from author;
delete from orders;
delete from book_author;
delete from book_order;
delete from tracking;
delete from users;
insert into book values ('123', '101','111','Harry Potter 1','9783161484100','mystery','10.00','15.00','433','23');
insert into book values ('124', '102', '112','Hardy Boys','9783161456800','horror','6.00','13.00','235','27');
insert into book values ('125', '103', '113','Geronimo stilton','9783164689100','kids','16.00','25.00','145','22');
insert into book values ('126', '104', '114','Percy Jackson','9785563792400','mythology','19.00','30.00','479','35');
insert into publisher values ('123', '111','Henry Winkler','Calaveres',null,'toronto','canada','13425');
insert into publisher values ('124', '112','Tim Stützle','Elgin',null,'ottawa','canada','64354');
insert into publisher values ('125', '113','Bruno Fernandes','old trafford',null,'manchester','england','92387');
insert into publisher values ('126', '114','Cristiano Ronaldo','brainmore',null,'manchester','england','19387');
insert into sales values ('123', '101', 'mystery', '15.00', '10.00');
insert into sales values ('124', '102', 'horror', '13.00', '6.00');
insert into sales values ('125', '103', 'kids', '25.00', '16.00');
insert into sales values ('126', '104', 'mythology', '30.00', '19.00');
insert into author values ('101', 'J.K', 'Rowling');
insert into author values ('102', 'Lance', 'Downing');
insert into author values ('103', 'Felix', 'Potvin');
insert into author values ('104', 'Guy', 'Boucher');
insert into users values ('natmeng1', '12345','8197128274','grand vista circle','k2j 0w6','ottawa','canada','grand vista circle','k2j 0w6','ottawa','canada');
insert into users values ('hmeng3', '09876','6136929949','maralisa','k2j 4w2','ottawa','canada','grand vista circle','k2j 0w6','ottawa','canada');
insert into orders values ('10101', 'natmeng1');
insert into orders values ('10102', 'natmeng1');
insert into orders values ('10103', 'natmeng1');
insert into orders values ('10104', 'hmeng3');
insert into tracking values ('10101', '23','12','2021','toronto','canada');
insert into tracking values ('10102', '23','12','2021','montreal','canada');
insert into tracking values ('10103', '23','12','2021','london','england');
insert into tracking values ('10104', '23','12','2021','paris','france');
insert into book_order values ('10101', '101', '123');
insert into book_order values ('10102', '102', '124');
insert into book_order values ('10103', '103', '125');
insert into book_order values ('10104', '104', '126');
insert into book_author values ('101', '123');
insert into book_author values ('102', '124');
insert into book_author values ('103', '125');
insert into book_author values ('104', '126');